{
  "3": {
    "identifier": "3",
    "time_aware_tracker_data": {
      "0": {
        "n_pass": 9,
        "n_fail": 2,
        "n_study": 11,
        "study_duration": 31938.330296993256,
        "box": 1
      }
    },
    "interval": 300.0,
    "oldest_epoch": 2592000.0,
    "max_tracker_data_key": 8640,
    "start_study_time": 1696173308.110166,
    "end_study_time": 1696173316.387185,
    "prev_start_study_time": 1696173308.110166,
    "prev_end_study_time": 1696173316.387185,
    "state": "studied"
  },
  "15": {
    "identifier": "15",
    "time_aware_tracker_data": {
      "0": {
        "n_pass": 1,
        "n_fail": 0,
        "n_study": 1,
        "study_duration": 5.183568954467773,
        "box": 2
      },
      "35": {
        "n_pass": 1,
        "n_fail": 0,
        "n_study": 1,
        "study_duration": 8550.646036148071,
        "box": 1
      }
    },
    "interval": 300.0,
    "oldest_epoch": 2592000.0,
    "max_tracker_data_key": 8640,
    "start_study_time": 1696175279.920817,
    "end_study_time": 1696183830.566853,
    "prev_start_study_time": 1696175279.920817,
    "prev_end_study_time": 1696183830.566853,
    "state": "studied"
  },
  "1932": {
    "identifier": "1932",
    "time_aware_tracker_data": {
      "0": {
        "n_pass": 2,
        "n_fail": 0,
        "n_study": 2,
        "study_duration": 31.180773973464966,
        "box": 2
      },
      "9": {
        "n_pass": 0,
        "n_fail": 1,
        "n_study": 1,
        "study_duration": 7.025866985321045,
        "box": 1
      },
      "154": {
        "n_pass": 1,
        "n_fail": 0,
        "n_study": 1,
        "study_duration": 33.68178105354309,
        "box": 1
      }
    },
    "interval": 300.0,
    "oldest_epoch": 2592000.0,
    "max_tracker_data_key": 8640,
    "start_study_time": 1696219723.200008,
    "end_study_time": 1696219756.881789,
    "prev_start_study_time": 1696173455.508623,
    "prev_end_study_time": 1696173472.724535,
    "state": "studied"
  },
  "72": {
    "identifier": "72",
    "time_aware_tracker_data": {
      "0": {
        "n_pass": 0,
        "n_fail": 2,
        "n_study": 2,
        "study_duration": 17.40088200569153,
        "box": 1
      },
      "3": {
        "n_pass": 1,
        "n_fail": 0,
        "n_study": 1,
        "study_duration": 79.25941801071167,
        "box": 1
      }
    },
    "interval": 300.0,
    "oldest_epoch": 2592000.0,
    "max_tracker_data_key": 8640,
    "start_study_time": 1696173835.287219,
    "end_study_time": 1696173914.546637,
    "prev_start_study_time": 1696173835.287219,
    "prev_end_study_time": 1696173914.546637,
    "state": "studied"
  },
  "360": {
    "identifier": "360",
    "time_aware_tracker_data": {
      "0": {
        "n_pass": 1,
        "n_fail": 0,
        "n_study": 1,
        "study_duration": 5.747808218002319,
        "box": 1
      }
    },
    "interval": 300.0,
    "oldest_epoch": 2592000.0,
    "max_tracker_data_key": 8640,
    "start_study_time": 1696218576.567979,
    "end_study_time": 1e+16,
    "prev_start_study_time": 1696175061.287567,
    "prev_end_study_time": 1696175067.035375,
    "state": "studying"
  },
  "26": {
    "identifier": "26",
    "time_aware_tracker_data": {},
    "interval": 300.0,
    "oldest_epoch": 2592000.0,
    "max_tracker_data_key": 8640,
    "start_study_time": -1e+16,
    "end_study_time": 1e+16,
    "prev_start_study_time": -1e+16,
    "prev_end_study_time": 1e+16,
    "state": "new"
  },
  "409": {
    "identifier": "409",
    "time_aware_tracker_data": {},
    "interval": 300.0,
    "oldest_epoch": 2592000.0,
    "max_tracker_data_key": 8640,
    "start_study_time": -1e+16,
    "end_study_time": 1e+16,
    "prev_start_study_time": -1e+16,
    "prev_end_study_time": 1e+16,
    "state": "new"
  },
  "11": {
    "identifier": "11",
    "time_aware_tracker_data": {},
    "interval": 300.0,
    "oldest_epoch": 2592000.0,
    "max_tracker_data_key": 8640,
    "start_study_time": -1e+16,
    "end_study_time": 1e+16,
    "prev_start_study_time": -1e+16,
    "prev_end_study_time": 1e+16,
    "state": "new"
  },
  "141": {
    "identifier": "141",
    "time_aware_tracker_data": {
      "0": {
        "n_pass": 1,
        "n_fail": 0,
        "n_study": 1,
        "study_duration": 35.92984414100647,
        "box": 1
      }
    },
    "interval": 300.0,
    "oldest_epoch": 2592000.0,
    "max_tracker_data_key": 8640,
    "start_study_time": 1696191992.521026,
    "end_study_time": 1696192028.45087,
    "prev_start_study_time": 1696191992.521026,
    "prev_end_study_time": 1696192028.45087,
    "state": "studied"
  },
  "76": {
    "identifier": "76",
    "time_aware_tracker_data": {},
    "interval": 300.0,
    "oldest_epoch": 2592000.0,
    "max_tracker_data_key": 8640,
    "start_study_time": -1e+16,
    "end_study_time": 1e+16,
    "prev_start_study_time": -1e+16,
    "prev_end_study_time": 1e+16,
    "state": "new"
  },
  "75": {
    "identifier": "75",
    "time_aware_tracker_data": {
      "0": {
        "n_pass": 1,
        "n_fail": 0,
        "n_study": 1,
        "study_duration": 47.65642499923706,
        "box": 1
      }
    },
    "interval": 300.0,
    "oldest_epoch": 2592000.0,
    "max_tracker_data_key": 8640,
    "start_study_time": 1696213057.217721,
    "end_study_time": 1696213104.874146,
    "prev_start_study_time": -1e+16,
    "prev_end_study_time": 1e+16,
    "state": "studied"
  },
  "402": {
    "identifier": "402",
    "time_aware_tracker_data": {
      "0": {
        "n_pass": 1,
        "n_fail": 0,
        "n_study": 1,
        "study_duration": 85.29064297676086,
        "box": 1
      }
    },
    "interval": 300.0,
    "oldest_epoch": 2592000.0,
    "max_tracker_data_key": 8640,
    "start_study_time": 1696219452.281122,
    "end_study_time": 1696219537.571765,
    "prev_start_study_time": -1e+16,
    "prev_end_study_time": 1e+16,
    "state": "studied"
  }
}